email,paswd
eknibb0@kickstarter.com,fH6%Q`WU&}2T|
mrawls1@ebay.com,"cR2,""Q{PFl>6sU|"
jfellnee2@wsj.com,"eU0,uYh}}"
ekellaway3@ihg.com,bA6)E!r``A(##EZ!
scrabtree4@skyrock.com,sM9@pX<U28v6Me
abinton5@is.gd,dF1<L_wMtWdNaH
fbrooksby6@microsoft.com,nB0!r)NiOZ+D>#P~
mmaher7@youtu.be,lM8'%TiGAB&E
gbacks8@yale.edu,nZ3/?WmIK`B<R_YR
fdunkerton9@technorati.com,gU6<K!cFHaW
acocka@stanford.edu,kF7@`My}(Z&.>D+_
eshropshireb@archive.org,"lD5)""5a/1l"
jmccombec@wp.com,wG2<xZ<<
lmindenhalld@moonfruit.com,fL8`)icPC7eG
bborrowe@phoca.cz,"mS8,H_,r"
jcoccif@cbslocal.com,pH6*u$\}L1
etrewmang@nba.com,aY7#1|\7WL(l7wfG
qlenth@amazon.de,wN9<~Zt~*tNoC7G/
vvasilchenkoi@desdev.cn,kZ5<J@s~%Ji
sbudgej@meetup.com,hI1>M4q/O
sbinionk@upenn.edu,aO9+qXW<O(4Bk
cmuehlerl@harvard.edu,"hA1`*m,UnMQ_,"
cbartolettim@skype.com,bK3%@`eM9Wr9YIJF
igeraldn@tumblr.com,rQ2)JE\'2nl*qQ
krylatto@ask.com,pO1_BtMT(
rshakesbyp@latimes.com,"rC8`,aEk"
cchingeq@infoseek.co.jp,yS4*1&1MPfD0qY>
slinwoodr@ebay.com,"aF3|2Y+`qZe*Y,"
ekleisers@blog.com,fZ5($5LME>++qND
rphillert@freewebs.com,mT9~&aCM9(a
rconrartu@xing.com,mE5_/<R*X*Kqel86
mtupiev@woothemes.com,xY7%cDK4?{6Vs(l
cfeldmanw@nyu.edu,"eW4`.=+_,mw"
amacmickanx@hibu.com,iF8_0b5/bBn@
scarpey@odnoklassniki.ru,"sD1+,=+m8vgS%#"
vmcteggartz@narod.ru,rU1|)|tKCag_K
lbrosini10@clickbank.net,pT8@nP5N
sjozwik11@narod.ru,vD7#<rM8z{
sselland12@yelp.com,eS1\=5AK
ahebron13@upenn.edu,sQ9.4J/il=
sbeckey14@4shared.com,tM3&YX~OF
dkilgrove15@sourceforge.net,aE7$Qyh3K#XT}5FB
idruitt16@cnet.com,nQ1%6`)u
ccollihole17@japanpost.jp,"hM6%i&,Vk)`y"
fstockney18@networksolutions.com,uZ7+'q(HFfMF
cwhild19@webnode.com,rS2*=gpDq
emcsweeney1a@omniture.com,sI3*<#ExO\5xYin
whadny1b@techcrunch.com,tH8(T/f*}gX.nd=|
aridsdell1c@dyndns.org,yG5}If!'C|IKp?l2
kkinig1d@smugmug.com,"gS1,YjBh"
ftrewett1e@networkadvertising.org,"lM8""M%|l""tS*G"
bcrouse1f@amazon.de,nI8_Ej.Tac=?zq0
sescolme1g@51.la,iA4<FsS<$l~#
csauvage1h@hhs.gov,rR3\|rDH5O
ldormand1i@intel.com,qU3?lB3i?jTC&!?%
bleadbeatter1j@tiny.cc,wH7*Rezbo=+U
zcarah1k@multiply.com,pV0=#I27Y#=pd
jlescop1l@drupal.org,cN0'.n0Ab
mginnaly1m@adobe.com,"oO3&s9w+,,3d&"
mmabb1n@tuttocitta.it,"uW9<`*<C{FN!""29"
ekabsch1o@sciencedaily.com,"sT4""'LzIkSiGkLnG"
fgoodrick1p@gov.uk,kR8>4BR7.`}8
rchifney1q@tinypic.com,eK5'Sl1l
ncockburn1r@opensource.org,"dA2{l.90(GI,Bu}&"
cburril1s@ted.com,hG6)s6hZo
ewildes1t@sourceforge.net,"zB7#x""{<0I$_!'"
nfoch1u@netvibes.com,kH7/4AQQ
ssneden1v@51.la,mF0{wmmxN
mquickfall1w@nature.com,"tE9`QG2c,P"
kdytham1x@dell.com,fY6%5rnI%b/@~
mmartina1y@squidoo.com,"mF3*jCXfk,H6wMG*"
pyitzovicz1z@opera.com,aQ8@DNO(nY#
bjacquest20@list-manage.com,"mU5`LQcW4CN%E,oo"
tmacguiness21@msu.edu,dP0@X'k5BT4(~
gbatterham22@columbia.edu,fH6>JX!N9(jnJ=_
rtaylour23@networkadvertising.org,"fP7%G(""`2Thl$/"
fbattersby24@livejournal.com,eJ7/oTuT*QfSp
sgopsall25@dmoz.org,oO2}yOU?E5
rpiff26@histats.com,"dS4,7Xp3>oYs"
redington27@hhs.gov,"fI2='ReE|6x(O"""
gjossum28@imdb.com,yM5$FQlZ#q~2=b
vsteart29@businesswire.com,mS9|}<KUt
gmcgreary2a@webs.com,sU6{Xu*pu
ggregorace2b@arizona.edu,"sC0""$}7)=N)"
fstearndale2c@w3.org,zN3?=)3{*Tuy`<J~
acadge2d@goo.ne.jp,cC0#LBL@y%j(+fa
rmaffione2e@exblog.jp,jV2*R0xXL+#F
aary2f@businessinsider.com,xW1{rPqN(
mschule2g@istockphoto.com,gQ3('=w(6l6AF|$
ldunne2h@hostgator.com,iA0#TN(S?AQV)~J
dcockerham2i@nationalgeographic.com,dF2\RIm1V
ehuriche2j@rakuten.co.jp,"fY4}moFP"""
nbraikenridge2k@shop-pro.jp,aI5?8_sg
tbredgeland2l@issuu.com,wN2@c+(dvu
sbrandhardy2m@vk.com,xF9}w0<zwz`=wU
otremethack2n@cnn.com,sU9$Mz_@AAC>9?Y7
mmaccoughen2o@naver.com,"tL7.>,vxbUmtm*w7"
lelizabeth2p@mozilla.org,pU5=Bw=Xbc&_L.
dgreenough2q@princeton.edu,nC8'`7?0\}
afiloniere2r@marketwatch.com,sZ4}!1n6sD}|*nI
